{
   "lightgreen": {
      "key": {
         "position": 4
      },
      "hls": {
         "hue": 0.33959899749373434,
         "sat": [
            0.7430167597765363,
            0.7430167597765363,
            0.7430167597765363,
            0.7430167597765363,
            0.7430167597765363,
            0.7430167597765363,
            0.7430167597765363,
            0.7430167597765363,
            0.7430167597765363,
            0.7430167597765363,
            0.7430167597765363
         ],
         "greys": [
            0.95,
            0.86,
            0.77,
            0.6799999999999999,
            0.59,
            0.5,
            0.4099999999999999,
            0.31999999999999995,
            0.22999999999999998,
            0.14,
            0.05
         ]
      },
      "gradient": {
         "rgb": [
            [
               0.8991467353351955,
               0.9851306084148045,
               0.9023792117667597
            ],
            [
               0.7178661836592178,
               0.9584033475907822,
               0.7269089341829609
            ],
            [
               0.5361600907821229,
               0.9316133467178771,
               0.5510267545391062
            ],
            [
               0.3548795391061452,
               0.9048860858938548,
               0.3755564769553073
            ],
            [
               0.1731734462290503,
               0.8780960850209497,
               0.19967429731145264
            ],
            [
               0.11315167815991622,
               0.7674635562150838,
               0.13774986906424594
            ],
            [
               0.09279253229748607,
               0.6293754364525139,
               0.11296482192737442
            ],
            [
               0.07240201641061456,
               0.49107454608938544,
               0.08814158519553082
            ],
            [
               0.05204287054818435,
               0.35298642632681565,
               0.06335653805865926
            ],
            [
               0.0316837246857542,
               0.2148983065642458,
               0.03857149092178775
            ],
            [
               0.011293208798882681,
               0.07659741620111732,
               0.013748254189944145
            ]
         ],
         "hex": [
            "#e5fbe6",
            "#b7f4b9",
            "#88ed8c",
            "#5ae65f",
            "#2cdf32",
            "#1cc323",
            "#17a01c",
            "#127d16",
            "#0d5a10",
            "#083609",
            "#021303"
         ]
      }
   },
   "darkblue": {
      "key": {
         "position": 10
      },
      "hls": {
         "hue": 0.5961538461538461,
         "sat": [
            0.9285714285714285,
            0.9285714285714285,
            0.9285714285714285,
            0.9285714285714285,
            0.9285714285714285,
            0.9285714285714285,
            0.9285714285714285,
            0.9285714285714285,
            0.9285714285714285,
            0.9285714285714285,
            0.9285714285714285
         ],
         "greys": [
            0.95,
            0.86,
            0.77,
            0.6799999999999999,
            0.59,
            0.5,
            0.4099999999999999,
            0.31999999999999995,
            0.22999999999999998,
            0.14,
            0.05
         ]
      },
      "gradient": {
         "rgb": [
            [
               0.8987688337053572,
               0.9400111607142857,
               0.9962506975446428
            ],
            [
               0.7603410993303573,
               0.8579799107142857,
               0.9911237444196427
            ],
            [
               0.6221487862723215,
               0.7760881696428571,
               0.9860055106026785
            ],
            [
               0.4839564732142858,
               0.6941964285714285,
               0.9808872767857142
            ],
            [
               0.3457641601562501,
               0.6123046874999999,
               0.9757690429687499
            ],
            [
               0.2075718470982144,
               0.5304129464285713,
               0.9706508091517856
            ],
            [
               0.06914411272321441,
               0.4483816964285713,
               0.9655238560267856
            ],
            [
               0.02917480468750011,
               0.3500976562499999,
               0.7877197265624999
            ],
            [
               0.020542689732142905,
               0.2465122767857142,
               0.5546526227678571
            ],
            [
               0.011893136160714302,
               0.1427176339285714,
               0.3211146763392857
            ],
            [
               0.003261021205357151,
               0.0391322544642857,
               0.08804757254464285
            ]
         ],
         "hex": [
            "#e5effe",
            "#c1dafc",
            "#9ec5fb",
            "#7bb1fa",
            "#589cf8",
            "#3487f7",
            "#1172f6",
            "#0759c8",
            "#053e8d",
            "#032451",
            "#000916"
         ]
      }
   },
   "midblue": {
      "key": {
         "position": 9
      },
      "hls": {
         "hue": 0.547872340425532,
         "sat": [
            1.0,
            1.0,
            1.0,
            1.0,
            1.0,
            1.0,
            1.0,
            1.0,
            1.0,
            1.0,
            1.0
         ],
         "greys": [
            0.95,
            0.86,
            0.77,
            0.6799999999999999,
            0.59,
            0.5,
            0.4099999999999999,
            0.31999999999999995,
            0.22999999999999998,
            0.14,
            0.05
         ]
      },
      "gradient": {
         "rgb": [
            [
               0.82470703125,
               0.9496498919547871,
               1.0
            ],
            [
               0.63232421875,
               0.8943909990026593,
               1.0
            ],
            [
               0.439697265625,
               0.8390619805518612,
               1.0
            ],
            [
               0.2470703125,
               0.7837329621010632,
               1.0
            ],
            [
               0.0546875,
               0.7284740691489354,
               1.0
            ],
            [
               0.0,
               0.6264544547872333,
               0.87890625
            ],
            [
               0.0,
               0.5060359873670207,
               0.7099609375
            ],
            [
               0.0,
               0.38561751994680804,
               0.541015625
            ],
            [
               0.0,
               0.2651990525265955,
               0.3720703125
            ],
            [
               0.0,
               0.14460656998005303,
               0.202880859375
            ],
            [
               0.0,
               0.02401408743351061,
               0.03369140625
            ]
         ],
         "hex": [
            "#d2f2ff",
            "#a1e4ff",
            "#70d5ff",
            "#3fc7ff",
            "#0db9ff",
            "#009fe0",
            "#0081b5",
            "#006289",
            "#00435e",
            "#002433",
            "#000608"
         ]
      }
   },
   "blue": {
      "key": {
         "position": 7
      },
      "hls": {
         "hue": 0.5668358714043994,
         "sat": [
            1.0,
            1.0,
            1.0,
            1.0,
            1.0,
            1.0,
            1.0,
            1.0,
            1.0,
            1.0,
            1.0
         ],
         "greys": [
            0.95,
            0.86,
            0.77,
            0.6799999999999999,
            0.59,
            0.5,
            0.4099999999999999,
            0.31999999999999995,
            0.22999999999999998,
            0.14,
            0.05
         ]
      },
      "gradient": {
         "rgb": [
            [
               0.81298828125,
               0.9250054528870557,
               1.0
            ],
            [
               0.64453125,
               0.8574516180203043,
               1.0
            ],
            [
               0.47607421875,
               0.789897783153553,
               1.0
            ],
            [
               0.3076171875,
               0.7223439482868016,
               1.0
            ],
            [
               0.13916015625,
               0.6547901134200502,
               1.0
            ],
            [
               0.0,
               0.5788041322969537,
               0.96630859375
            ],
            [
               0.0,
               0.46313104774746144,
               0.773193359375
            ],
            [
               0.0,
               0.3474579631979692,
               0.580078125
            ],
            [
               0.0,
               0.23163864213197946,
               0.38671875
            ],
            [
               0.0,
               0.11581932106598973,
               0.193359375
            ],
            [
               0.0,
               7.311825824873089e-05,
               0.0001220703125
            ]
         ],
         "hex": [
            "#cfebff",
            "#a4daff",
            "#79c9ff",
            "#4eb8ff",
            "#23a6ff",
            "#0093f6",
            "#0076c5",
            "#005893",
            "#003b62",
            "#001d31",
            "#000000"
         ]
      }
   },
   "bluegreen": {
      "key": {
         "position": 4
      },
      "hls": {
         "hue": 0.5111111111111111,
         "sat": [
            1.0,
            1.0,
            1.0,
            1.0,
            1.0,
            1.0,
            1.0,
            1.0,
            1.0,
            1.0,
            1.0
         ],
         "greys": [
            0.95,
            0.86,
            0.77,
            0.6799999999999999,
            0.59,
            0.5,
            0.4099999999999999,
            0.31999999999999995,
            0.22999999999999998,
            0.14,
            0.05
         ]
      },
      "gradient": {
         "rgb": [
            [
               0.798828125,
               0.9865885416666667,
               1.0
            ],
            [
               0.53271484375,
               0.96884765625,
               1.0
            ],
            [
               0.2666015625,
               0.9511067708333334,
               1.0
            ],
            [
               0.00048828125,
               0.9333658854166667,
               1.0
            ],
            [
               0.0,
               0.806640625,
               0.8642578125
            ],
            [
               0.0,
               0.6797200520833333,
               0.728271484375
            ],
            [
               0.0,
               0.5527994791666667,
               0.59228515625
            ],
            [
               0.0,
               0.42587890625,
               0.456298828125
            ],
            [
               0.0,
               0.2989583333333333,
               0.3203125
            ],
            [
               0.0,
               0.17203776041666666,
               0.184326171875
            ],
            [
               0.0,
               0.0451171875,
               0.04833984375
            ]
         ],
         "hex": [
            "#cbfbff",
            "#87f7ff",
            "#43f2ff",
            "#00eeff",
            "#00cddc",
            "#00adb9",
            "#008c97",
            "#006c74",
            "#004c51",
            "#002b2f",
            "#000b0c"
         ]
      }
   },
   "darkgreen": {
      "key": {
         "position": 8
      },
      "hls": {
         "hue": 0.44696969696969696,
         "sat": [
            0.5238095238095238,
            0.5238095238095238,
            0.5238095238095238,
            0.5238095238095238,
            0.5238095238095238,
            0.5238095238095238,
            0.5238095238095238,
            0.5238095238095238,
            0.5238095238095238,
            0.5238095238095238,
            0.5238095238095238
         ],
         "greys": [
            0.95,
            0.86,
            0.77,
            0.6799999999999999,
            0.59,
            0.5,
            0.4099999999999999,
            0.31999999999999995,
            0.22999999999999998,
            0.14,
            0.05
         ]
      },
      "gradient": {
         "rgb": [
            [
               0.8656994047619049,
               0.9580310639880951,
               0.9286528087797619
            ],
            [
               0.6997767857142858,
               0.9061802455357142,
               0.8405064174107143
            ],
            [
               0.5342261904761906,
               0.8544456845238094,
               0.7525576636904762
            ],
            [
               0.3683035714285715,
               0.8025948660714285,
               0.6644112723214286
            ],
            [
               0.23024786086309523,
               0.7367931547619048,
               0.5756196521577381
            ],
            [
               0.19368489583333337,
               0.6197916666666666,
               0.48421223958333337
            ],
            [
               0.15718005952380953,
               0.5029761904761905,
               0.39295014880952384
            ],
            [
               0.12061709449404762,
               0.3859747023809524,
               0.30154273623511907
            ],
            [
               0.08405412946428575,
               0.26897321428571425,
               0.21013532366071427
            ],
            [
               0.04754929315476192,
               0.15215773809523808,
               0.11887323288690477
            ],
            [
               0.010928199404761904,
               0.034970238095238096,
               0.027320498511904764
            ]
         ],
         "hex": [
            "#dcf4ec",
            "#b2e7d6",
            "#88d9bf",
            "#5dcca9",
            "#3abb92",
            "#319e7b",
            "#288064",
            "#1e624c",
            "#154435",
            "#0c261e",
            "#020806"
         ]
      }
   },
   "blue": {
      "key": {
         "position": 7
      },
      "hls": {
         "hue": 0.33959899749373434,
         "sat": [
            0.743016759776536,
            0.743016759776536,
            0.743016759776536,
            0.743016759776536,
            0.743016759776536,
            0.743016759776536,
            0.743016759776536,
            0.743016759776536,
            0.743016759776536,
            0.743016759776536,
            0.743016759776536
         ],
         "greys": [
            0.95,
            0.86,
            0.77,
            0.6799999999999999,
            0.59,
            0.5,
            0.4099999999999999,
            0.31999999999999995,
            0.22999999999999998,
            0.14,
            0.05
         ]
      },
      "gradient": {
         "rgb": [
            [
               0.9353177374301677,
               0.9904635125698323,
               0.9373908868715084
            ],
            [
               0.75403718575419,
               0.96373625174581,
               0.7619206092877095
            ],
            [
               0.572331092877095,
               0.936946250872905,
               0.5860384296438549
            ],
            [
               0.3910505412011174,
               0.9102189900488826,
               0.410568152060056
            ],
            [
               0.20934444832402255,
               0.8834289891759775,
               0.23468597241620143
            ],
            [
               0.11719841131284925,
               0.7949109636871508,
               0.14267632681564266
            ],
            [
               0.09687063547486041,
               0.6570356145251396,
               0.11792946927374318
            ],
            [
               0.07648011958798895,
               0.518734724162011,
               0.09310623254189962
            ],
            [
               0.05612097372555874,
               0.38064660439944126,
               0.06832118540502806
            ],
            [
               0.03576182786312854,
               0.24255848463687146,
               0.0435361382681565
            ],
            [
               0.015371311976257004,
               0.104257594273743,
               0.018712901536312884
            ]
         ],
         "hex": [
            "#eefcef",
            "#c0f5c2",
            "#91ee95",
            "#63e868",
            "#35e13b",
            "#1dca24",
            "#18a71e",
            "#138417",
            "#0e6111",
            "#093d0b",
            "#031a04"
         ]
      }
   },
   "darkgrey": {
      "key": {
         "position": 8
      },
      "hls": {
         "hue": 0.5666666666666668,
         "sat": [
            0.0909090909090909,
            0.0909090909090909,
            0.0909090909090909,
            0.0909090909090909,
            0.0909090909090909,
            0.0909090909090909,
            0.0909090909090909,
            0.0909090909090909,
            0.0909090909090909,
            0.0909090909090909,
            0.0909090909090909
         ],
         "greys": [
            0.95,
            0.86,
            0.77,
            0.6799999999999999,
            0.59,
            0.5,
            0.4099999999999999,
            0.31999999999999995,
            0.22999999999999998,
            0.14,
            0.05
         ]
      },
      "gradient": {
         "rgb": [
            [
               0.9458007812500001,
               0.951220703125,
               0.9548339843749999
            ],
            [
               0.8481889204545454,
               0.8633700284090909,
               0.8734907670454546
            ],
            [
               0.7507102272727273,
               0.7756392045454545,
               0.7922585227272727
            ],
            [
               0.6529651988636364,
               0.6876686789772727,
               0.7108043323863636
            ],
            [
               0.5554865056818181,
               0.5999378551136363,
               0.6295720880681819
            ],
            [
               0.45787464488636365,
               0.5120871803977272,
               0.5482288707386364
            ],
            [
               0.37508877840909094,
               0.42009943181818177,
               0.45010653409090906
            ],
            [
               0.29274680397727276,
               0.3278764204545454,
               0.35129616477272724
            ],
            [
               0.21040482954545459,
               0.23565340909090904,
               0.2524857954545454
            ],
            [
               0.12806285511363638,
               0.1434303977272727,
               0.15367542613636362
            ],
            [
               0.045720880681818184,
               0.05120738636363636,
               0.054865056818181816
            ]
         ],
         "hex": [
            "#f1f2f3",
            "#d8dcde",
            "#bfc5ca",
            "#a6afb5",
            "#8d98a0",
            "#74828b",
            "#5f6b72",
            "#4a5359",
            "#353c40",
            "#202427",
            "#0b0d0d"
         ]
      }
   },
   "lightgrey": {
      "key": {
         "position": 3
      },
      "hls": {
         "hue": 0.5416666666666664,
         "sat": [
            0.029411764705882457,
            0.029411764705882457,
            0.029411764705882457,
            0.029411764705882457,
            0.029411764705882457,
            0.029411764705882457,
            0.029411764705882457,
            0.029411764705882457,
            0.029411764705882457,
            0.029411764705882457,
            0.029411764705882457
         ],
         "greys": [
            0.95,
            0.86,
            0.77,
            0.6799999999999999,
            0.59,
            0.5,
            0.4099999999999999,
            0.31999999999999995,
            0.22999999999999998,
            0.14,
            0.05
         ]
      },
      "gradient": {
         "rgb": [
            [
               0.9483534869025735,
               0.9505669088924633,
               0.9513047162224265
            ],
            [
               0.8554902918198529,
               0.8616835650275736,
               0.8637479894301471
            ],
            [
               0.7625014361213235,
               0.7726799460018383,
               0.7760727826286765
            ],
            [
               0.669512580422794,
               0.683676326976103,
               0.688397575827206
            ],
            [
               0.5765237247242646,
               0.5946727079503678,
               0.6007223690257354
            ],
            [
               0.4837538775275735,
               0.5057426901424633,
               0.5130722943474265
            ],
            [
               0.39667107077205876,
               0.4147015739889707,
               0.42071174172794124
            ],
            [
               0.3095882640165441,
               0.323660457835478,
               0.3283511891084559
            ],
            [
               0.22250545726102938,
               0.23261934168198534,
               0.23599063648897062
            ],
            [
               0.13554113051470587,
               0.14170209099264708,
               0.14375574448529413
            ],
            [
               0.04833984374999999,
               0.05053710937500001,
               0.05126953125000001
            ]
         ],
         "hex": [
            "#f1f2f2",
            "#dadbdc",
            "#c2c5c5",
            "#aaaeaf",
            "#939799",
            "#7b8082",
            "#65696b",
            "#4e5253",
            "#383b3c",
            "#222424",
            "#0c0c0d"
         ]
      }
   },
   "yellow": {
      "key": {
         "position": 3
      },
      "hls": {
         "hue": 0.127,
         "sat": [
            1,
            1,
            1,
            1,
            1,
            1,
            1,
            1,
            1,
            1,
            1
         ],
         "greys": [
            0.95,
            0.86,
            0.77,
            0.6799999999999999,
            0.59,
            0.5,
            0.4099999999999999,
            0.31999999999999995,
            0.22999999999999998,
            0.14,
            0.05
         ]
      },
      "gradient": {
         "rgb": [
            [
               0.90625,
               0.9624048223350253,
               1.0
            ],
            [
               0.738037109375,
               0.8949488915767765,
               1.0
            ],
            [
               0.569580078125,
               0.8273950567100251,
               1.0
            ],
            [
               0.4013671875,
               0.7599391259517763,
               1.0
            ],
            [
               0.23291015625,
               0.6923852910850249,
               1.0
            ],
            [
               0.064453125,
               0.6248314562182735,
               1.0
            ],
            [
               0.0,
               0.5273288784898471,
               0.88037109375
            ],
            [
               0.0,
               0.4116557939403549,
               0.687255859375
            ],
            [
               0.0,
               0.29598270939086263,
               0.494140625
            ],
            [
               0.0,
               0.18016338832487291,
               0.30078125
            ],
            [
               0.0,
               0.06434406725888317,
               0.107421875
            ]
         ],
         "hex": [
            "#e7f5ff",
            "#bce4ff",
            "#91d2ff",
            "#66c1ff",
            "#3bb0ff",
            "#109fff",
            "#0086e0",
            "#0068af",
            "#004b7e",
            "#002d4c",
            "#00101b"
         ]
      }
   },
   "midblue": {
      "key": {
         "position": 9
      },
      "hls": {
         "hue": 0.547872340425532,
         "sat": [
            1.0,
            1.0,
            1.0,
            1.0,
            1.0,
            1.0,
            1.0,
            1.0,
            1.0,
            1.0,
            1.0
         ],
         "greys": [
            0.95,
            0.86,
            0.77,
            0.6799999999999999,
            0.59,
            0.5,
            0.4099999999999999,
            0.31999999999999995,
            0.22999999999999998,
            0.14,
            0.05
         ]
      },
      "gradient": {
         "rgb": [
            [
               0.89306640625,
               0.9692850315824467,
               1.0
            ],
            [
               0.70068359375,
               0.9140261386303189,
               1.0
            ],
            [
               0.50830078125,
               0.8587672456781911,
               1.0
            ],
            [
               0.315673828125,
               0.8034382272273931,
               1.0
            ],
            [
               0.123046875,
               0.748109208776595,
               1.0
            ],
            [
               0.0,
               0.6694361909906907,
               0.939208984375
            ],
            [
               0.0,
               0.5488437084441483,
               0.77001953125
            ],
            [
               0.0,
               0.42842524102393564,
               0.60107421875
            ],
            [
               0.0,
               0.3080067736037231,
               0.43212890625
            ],
            [
               0.0,
               0.18741429105718063,
               0.262939453125
            ],
            [
               0.0,
               0.06682180851063822,
               0.09375
            ]
         ],
         "hex": [
            "#e3f7ff",
            "#b2e9ff",
            "#81daff",
            "#50ccff",
            "#1fbeff",
            "#00aaef",
            "#008bc4",
            "#006d99",
            "#004e6e",
            "#002f43",
            "#001117"
         ]
      }
   },
   "purple": {
      "key": {
         "position": 7
      },
      "hls": {
         "hue": 0.8333333333333334,
         "sat": [
            0.2876712328767123,
            0.2876712328767123,
            0.2876712328767123,
            0.2876712328767123,
            0.2876712328767123,
            0.2876712328767123,
            0.2876712328767123,
            0.2876712328767123,
            0.2876712328767123,
            0.2876712328767123,
            0.2876712328767123
         ],
         "greys": [
            0.95,
            0.86,
            0.77,
            0.6799999999999999,
            0.59,
            0.5,
            0.4099999999999999,
            0.31999999999999995,
            0.22999999999999998,
            0.14,
            0.05
         ]
      },
      "gradient": {
         "rgb": [
            [
               0.9660878638698631,
               0.9386972923801369,
               0.9660878638698631
            ],
            [
               0.9050460188356165,
               0.8283524186643835,
               0.9050460188356165
            ],
            [
               0.8440041738013699,
               0.7180075449486301,
               0.8440041738013699
            ],
            [
               0.7829623287671234,
               0.6076626712328766,
               0.7829623287671232
            ],
            [
               0.7219204837328768,
               0.49731779751712324,
               0.7219204837328768
            ],
            [
               0.6608786386986302,
               0.38697292380136983,
               0.6608786386986301
            ],
            [
               0.5558112157534246,
               0.3074700342465754,
               0.5558112157534245
            ],
            [
               0.4338345462328767,
               0.2399935787671233,
               0.43383454623287665
            ],
            [
               0.3118578767123288,
               0.17251712328767121,
               0.3118578767123288
            ],
            [
               0.18988120719178084,
               0.10504066780821916,
               0.1898812071917808
            ],
            [
               0.06790453767123288,
               0.037564212328767124,
               0.06790453767123286
            ]
         ],
         "hex": [
            "#f6eff6",
            "#e6d3e6",
            "#d7b7d7",
            "#c79ac7",
            "#b87eb8",
            "#a862a8",
            "#8d4e8d",
            "#6e3d6e",
            "#4f2b4f",
            "#301a30",
            "#110911"
         ]
      }
   },
   "yellow": {
      "key": {
         "position": 3
      },
      "hls": {
         "hue": 0.12694704049844238,
         "sat": [
            1.0000000000000002,
            1.0000000000000002,
            1.0000000000000002,
            1.0000000000000002,
            1.0000000000000002,
            1.0000000000000002,
            1.0000000000000002,
            1.0000000000000002,
            1.0000000000000002,
            1.0000000000000002,
            1.0000000000000002
         ],
         "greys": [
            0.95,
            0.86,
            0.77,
            0.6799999999999999,
            0.59,
            0.5,
            0.4099999999999999,
            0.31999999999999995,
            0.22999999999999998,
            0.14,
            0.05
         ]
      },
      "gradient": {
         "rgb": [
            [
               1.0,
               0.969552734375,
               0.8720703125
            ],
            [
               1.0,
               0.8850673828125,
               0.51708984375
            ],
            [
               1.0,
               0.80058203125,
               0.162109375
            ],
            [
               0.9345703125,
               0.712142578125,
               0.0
            ],
            [
               0.81396484375,
               0.6202412109375,
               0.0
            ],
            [
               0.693359375,
               0.52833984375,
               0.0
            ],
            [
               0.57275390625,
               0.4364384765625,
               0.0
            ],
            [
               0.4521484375,
               0.34453710937500004,
               0.0
            ],
            [
               0.33154296875,
               0.2526357421875,
               0.0
            ],
            [
               0.2109375,
               0.160734375,
               0.0
            ],
            [
               0.09033203125,
               0.0688330078125,
               0.0
            ]
         ],
         "hex": [
            "#fff7de",
            "#ffe183",
            "#ffcc29",
            "#eeb500",
            "#cf9e00",
            "#b08600",
            "#926f00",
            "#735700",
            "#544000",
            "#352800",
            "#171100"
         ]
      }
   },
   "tan": {
      "key": {
         "position": 2
      },
      "hls": {
         "hue": 0.05238095238095244,
         "sat": [
            0.403064705882353,
            0.403064705882353,
            0.403064705882353,
            0.403064705882353,
            0.403064705882353,
            0.403064705882353,
            0.403064705882353,
            0.403064705882353,
            0.403064705882353,
            0.403064705882353,
            0.403064705882353
         ],
         "greys": [
            0.95,
            0.86,
            0.77,
            0.6799999999999999,
            0.59,
            0.5,
            0.4099999999999999,
            0.31999999999999995,
            0.22999999999999998,
            0.14,
            0.05
         ]
      },
      "gradient": {
         "rgb": [
            [
               0.9552590001723347,
               0.9138279070788471,
               0.8948386560776653
            ],
            [
               0.9022110394646141,
               0.8116564353417148,
               0.7701522417853859
            ],
            [
               0.8491630787568936,
               0.7094849636045825,
               0.6454658274931064
            ],
            [
               0.7961151180491729,
               0.6073134918674502,
               0.5207794132008271
            ],
            [
               0.7432128934972426,
               0.5054227109867385,
               0.3964355440027574
            ],
            [
               0.6741287454044118,
               0.40853789456407574,
               0.2868087545955882
            ],
            [
               0.5460168801700368,
               0.330899087365415,
               0.2323034323299632
            ],
            [
               0.4180762874827666,
               0.2533640753635439,
               0.1778709781422334
            ],
            [
               0.29013569479549634,
               0.17582906336167287,
               0.12343852395450366
            ],
            [
               0.16202382956112135,
               0.09819025616301211,
               0.06893320168887865
            ],
            [
               0.034254509420955884,
               0.020759039357930678,
               0.014573615579044116
            ]
         ],
         "hex": [
            "#f3e9e4",
            "#e6cec4",
            "#d8b4a4",
            "#cb9a84",
            "#bd8065",
            "#ab6849",
            "#8b543b",
            "#6a402d",
            "#492c1f",
            "#291911",
            "#080503"
         ]
      }
   },
   "red": {
      "key": {
         "position": 8
      },
      "hls": {
         "hue": 0.9938837920489296,
         "sat": [
            0.923728813559322,
            0.923728813559322,
            0.923728813559322,
            0.923728813559322,
            0.923728813559322,
            0.923728813559322,
            0.923728813559322,
            0.923728813559322,
            0.923728813559322,
            0.923728813559322,
            0.923728813559322
         ],
         "greys": [
            0.95,
            0.86,
            0.77,
            0.6799999999999999,
            0.59,
            0.5,
            0.4099999999999999,
            0.31999999999999995,
            0.22999999999999998,
            0.14,
            0.05
         ]
      },
      "gradient": {
         "rgb": [
            [
               0.9958289194915254,
               0.8947960805084746,
               0.8985037076271186
            ],
            [
               0.9907919673596398,
               0.7677529545153602,
               0.7759378724179025
            ],
            [
               0.9857550152277542,
               0.6407098285222458,
               0.6533720372086863
            ],
            [
               0.9807273735434322,
               0.5139015327065678,
               0.5310327562235168
            ],
            [
               0.9756904214115466,
               0.3868584067134534,
               0.4084669210143006
            ],
            [
               0.970653469279661,
               0.259815280720339,
               0.28590108580508444
            ],
            [
               0.965625827595339,
               0.133006984904661,
               0.1635618048199149
            ],
            [
               0.8928243346133474,
               0.035398321636652574,
               0.06686349642478778
            ],
            [
               0.6208909891419492,
               0.02461682335805082,
               0.04649844412076243
            ],
            [
               0.3489576436705508,
               0.013835325079449179,
               0.026133391816737163
            ],
            [
               0.07702429819915255,
               0.0030538268008474534,
               0.005768339512711828
            ]
         ],
         "hex": [
            "#fde4e5",
            "#fcc3c5",
            "#fba3a6",
            "#fa8387",
            "#f86268",
            "#f74248",
            "#f62129",
            "#e30911",
            "#9e060b",
            "#580306",
            "#130001"
         ]
      }
   },
   "darkgrey": {
      "key": {
         "position": 8
      },
      "hls": {
         "hue": 0.5666666666666668,
         "sat": [
            0.0909090909090909,
            0.0909090909090909,
            0.0909090909090909,
            0.0909090909090909,
            0.0909090909090909,
            0.0909090909090909,
            0.0909090909090909,
            0.0909090909090909,
            0.0909090909090909,
            0.0909090909090909,
            0.0909090909090909
         ],
         "greys": [
            0.95,
            0.86,
            0.77,
            0.6799999999999999,
            0.59,
            0.5,
            0.4099999999999999,
            0.31999999999999995,
            0.22999999999999998,
            0.14,
            0.05
         ]
      },
      "gradient": {
         "rgb": [
            [
               0.9458007812500001,
               0.951220703125,
               0.9548339843749999
            ],
            [
               0.8481889204545454,
               0.8633700284090909,
               0.8734907670454546
            ],
            [
               0.7507102272727273,
               0.7756392045454545,
               0.7922585227272727
            ],
            [
               0.6529651988636364,
               0.6876686789772727,
               0.7108043323863636
            ],
            [
               0.5554865056818181,
               0.5999378551136363,
               0.6295720880681819
            ],
            [
               0.45787464488636365,
               0.5120871803977272,
               0.5482288707386364
            ],
            [
               0.37508877840909094,
               0.42009943181818177,
               0.45010653409090906
            ],
            [
               0.29274680397727276,
               0.3278764204545454,
               0.35129616477272724
            ],
            [
               0.21040482954545459,
               0.23565340909090904,
               0.2524857954545454
            ],
            [
               0.12806285511363638,
               0.1434303977272727,
               0.15367542613636362
            ],
            [
               0.045720880681818184,
               0.05120738636363636,
               0.054865056818181816
            ]
         ],
         "hex": [
            "#f1f2f3",
            "#d8dcde",
            "#bfc5ca",
            "#a6afb5",
            "#8d98a0",
            "#74828b",
            "#5f6b72",
            "#4a5359",
            "#353c40",
            "#202427",
            "#0b0d0d"
         ]
      }
   },
   "lightgrey": {
      "key": {
         "position": 3
      },
      "hls": {
         "hue": 0.5416666666666664,
         "sat": [
            0.029411764705882464,
            0.029411764705882464,
            0.029411764705882464,
            0.029411764705882464,
            0.029411764705882464,
            0.029411764705882464,
            0.029411764705882464,
            0.029411764705882464,
            0.029411764705882464,
            0.029411764705882464,
            0.029411764705882464
         ],
         "greys": [
            0.95,
            0.86,
            0.77,
            0.6799999999999999,
            0.59,
            0.5,
            0.4099999999999999,
            0.31999999999999995,
            0.22999999999999998,
            0.14,
            0.05
         ]
      },
      "gradient": {
         "rgb": [
            [
               0.9483534869025735,
               0.9505669088924633,
               0.9513047162224265
            ],
            [
               0.8554902918198529,
               0.8616835650275736,
               0.8637479894301471
            ],
            [
               0.7625014361213235,
               0.7726799460018383,
               0.7760727826286765
            ],
            [
               0.669512580422794,
               0.683676326976103,
               0.688397575827206
            ],
            [
               0.5765237247242646,
               0.5946727079503678,
               0.6007223690257354
            ],
            [
               0.4837538775275735,
               0.5057426901424633,
               0.5130722943474265
            ],
            [
               0.39667107077205876,
               0.4147015739889707,
               0.42071174172794124
            ],
            [
               0.3095882640165441,
               0.323660457835478,
               0.3283511891084559
            ],
            [
               0.22250545726102938,
               0.23261934168198534,
               0.23599063648897062
            ],
            [
               0.13554113051470587,
               0.14170209099264708,
               0.14375574448529413
            ],
            [
               0.04833984374999999,
               0.05053710937500001,
               0.05126953125000001
            ]
         ],
         "hex": [
            "#f1f2f2",
            "#dadbdc",
            "#c2c5c5",
            "#aaaeaf",
            "#939799",
            "#7b8082",
            "#65696b",
            "#4e5253",
            "#383b3c",
            "#222424",
            "#0c0c0d"
         ]
      }
   }
}